{"id":4310,"date":"2024-03-18T11:12:10","date_gmt":"2024-03-18T11:12:10","guid":{"rendered":"https:\/\/demo.awaikenthemes.com\/solor\/?page_id=4310"},"modified":"2024-03-20T10:50:25","modified_gmt":"2024-03-20T10:50:25","slug":"contact","status":"publish","type":"page","link":"https:\/\/demo.awaikenthemes.com\/solor\/contact\/","title":{"rendered":"Contact"},"content":{"rendered":"\t\t<div data-elementor-type=\"wp-page\" data-elementor-id=\"4310\" class=\"elementor elementor-4310\">\n\t\t\t\t<div data-ekitparallax=\"{&quot;ekit_section_parallax_bg&quot;:&quot;yes&quot;,&quot;ekit_section_parallax_bg_speed&quot;:0.40000000000000002220446049250313080847263336181640625,&quot;elementor_lazy_load&quot;:&quot;1&quot;}\" class=\"elementor-element elementor-element-3605c73 parallaxie e-flex e-con-boxed e-con e-parent\" data-id=\"3605c73\" data-element_type=\"container\" data-settings=\"{&quot;background_background&quot;:&quot;classic&quot;,&quot;ekit_has_onepagescroll_dot&quot;:&quot;yes&quot;}\">\n\t\t\t\t\t<div class=\"e-con-inner\">\n\t\t<div class=\"elementor-element elementor-element-2ac7459 e-con-full e-flex e-con e-child\" data-id=\"2ac7459\" data-element_type=\"container\" data-settings=\"{&quot;ekit_has_onepagescroll_dot&quot;:&quot;yes&quot;}\">\n\t\t\t\t<div class=\"elementor-element elementor-element-0cf7242 solor-heading-animation solor-animation-heading-style-2 elementor-widget elementor-widget-heading\" data-id=\"0cf7242\" data-element_type=\"widget\" data-settings=\"{&quot;ekit_we_effect_on&quot;:&quot;none&quot;}\" data-widget_type=\"heading.default\">\n\t\t\t\t<div class=\"elementor-widget-container\">\n\t\t\t\t\t<h1 class=\"elementor-heading-title elementor-size-default\">Contact us<\/h1>\t\t\t\t<\/div>\n\t\t\t\t<\/div>\n\t\t\t\t<div class=\"elementor-element elementor-element-7b51622 elementor-invisible elementor-widget elementor-widget-elementskit-breadcrumb\" data-id=\"7b51622\" data-element_type=\"widget\" data-settings=\"{&quot;_animation&quot;:&quot;fadeInUp&quot;,&quot;ekit_we_effect_on&quot;:&quot;none&quot;}\" data-widget_type=\"elementskit-breadcrumb.default\">\n\t\t\t\t<div class=\"elementor-widget-container\">\n\t\t\t\t\t<div class=\"ekit-wid-con\" ><ol class=\"ekit-breadcrumb\"><li class=\"ekit_breadcrumbs_start\"><a href=\"https:\/\/demo.awaikenthemes.com\/solor\">Home<\/a><\/li><\/ol><\/div>\t\t\t\t<\/div>\n\t\t\t\t<\/div>\n\t\t\t\t<\/div>\n\t\t\t\t\t<\/div>\n\t\t\t\t<\/div>\n\t\t<div class=\"elementor-element elementor-element-f8e668e e-flex e-con-boxed e-con e-parent\" data-id=\"f8e668e\" data-element_type=\"container\" data-settings=\"{&quot;ekit_has_onepagescroll_dot&quot;:&quot;yes&quot;}\">\n\t\t\t\t\t<div class=\"e-con-inner\">\n\t\t<div class=\"elementor-element elementor-element-137d0e7 e-flex e-con-boxed e-con e-child\" data-id=\"137d0e7\" data-element_type=\"container\" data-settings=\"{&quot;ekit_has_onepagescroll_dot&quot;:&quot;yes&quot;}\">\n\t\t\t\t\t<div class=\"e-con-inner\">\n\t\t\t\t<div class=\"elementor-element elementor-element-e59a421 small-heading-style solor-heading-animation solor-animation-heading-none elementor-invisible elementor-widget elementor-widget-heading\" data-id=\"e59a421\" data-element_type=\"widget\" data-settings=\"{&quot;_animation&quot;:&quot;fadeInUp&quot;,&quot;ekit_we_effect_on&quot;:&quot;none&quot;}\" data-widget_type=\"heading.default\">\n\t\t\t\t<div class=\"elementor-widget-container\">\n\t\t\t\t\t<h3 class=\"elementor-heading-title elementor-size-default\">Contact details<\/h3>\t\t\t\t<\/div>\n\t\t\t\t<\/div>\n\t\t\t\t<div class=\"elementor-element elementor-element-b6bab68 solor-heading-animation solor-animation-heading-style-2 elementor-widget elementor-widget-heading\" data-id=\"b6bab68\" data-element_type=\"widget\" data-settings=\"{&quot;ekit_we_effect_on&quot;:&quot;none&quot;}\" data-widget_type=\"heading.default\">\n\t\t\t\t<div class=\"elementor-widget-container\">\n\t\t\t\t\t<h2 class=\"elementor-heading-title elementor-size-default\">Happy to Answer All Your Questions<\/h2>\t\t\t\t<\/div>\n\t\t\t\t<\/div>\n\t\t\t\t\t<\/div>\n\t\t\t\t<\/div>\n\t\t<div class=\"elementor-element elementor-element-1d98f80 e-con-full e-flex e-con e-child\" data-id=\"1d98f80\" data-element_type=\"container\" data-settings=\"{&quot;ekit_has_onepagescroll_dot&quot;:&quot;yes&quot;}\">\n\t\t<div class=\"elementor-element elementor-element-e01c203 e-con-full team-item e-flex elementor-invisible e-con e-child\" data-id=\"e01c203\" data-element_type=\"container\" data-settings=\"{&quot;animation&quot;:&quot;fadeInUp&quot;,&quot;ekit_has_onepagescroll_dot&quot;:&quot;yes&quot;}\">\n\t\t\t\t<div class=\"elementor-element elementor-element-85d3ccf image-anime team-image solor-image-animation solor-animation-image-none elementor-widget elementor-widget-image\" data-id=\"85d3ccf\" data-element_type=\"widget\" data-settings=\"{&quot;ekit_we_effect_on&quot;:&quot;none&quot;}\" data-widget_type=\"image.default\">\n\t\t\t\t<div class=\"elementor-widget-container\">\n\t\t\t\t\t\t\t\t\t\t\t\t\t\t\t<img fetchpriority=\"high\" decoding=\"async\" width=\"768\" height=\"958\" src=\"https:\/\/demo.awaikenthemes.com\/solor\/wp-content\/uploads\/2024\/03\/location-img.jpg\" class=\"attachment-full size-full wp-image-4362\" alt=\"\" \/>\t\t\t\t\t\t\t\t\t\t\t\t\t\t\t<\/div>\n\t\t\t\t<\/div>\n\t\t\t\t<div class=\"elementor-element elementor-element-95d9c1e elementor-view-stacked elementor-shape-square elementor-absolute elementor-widget elementor-widget-icon\" data-id=\"95d9c1e\" data-element_type=\"widget\" data-settings=\"{&quot;_position&quot;:&quot;absolute&quot;,&quot;ekit_we_effect_on&quot;:&quot;none&quot;}\" data-widget_type=\"icon.default\">\n\t\t\t\t<div class=\"elementor-widget-container\">\n\t\t\t\t\t\t\t<div class=\"elementor-icon-wrapper\">\n\t\t\t<a class=\"elementor-icon\" href=\"#\">\n\t\t\t<svg xmlns=\"http:\/\/www.w3.org\/2000\/svg\" width=\"27\" height=\"40\" viewBox=\"0 0 27 40\" fill=\"none\"><path d=\"M13.3578 3.12551C12.9258 3.12238 12.5735 3.47004 12.5703 3.90129C12.5672 4.33254 12.9141 4.68489 13.3461 4.68801C13.7774 4.69114 14.1297 4.34426 14.1328 3.91301C14.136 3.48176 13.7891 3.12942 13.3578 3.12551Z\" fill=\"white\"><\/path><path d=\"M13.3224 7.81264C10.3059 7.79123 7.83547 10.2248 7.81266 13.2403C7.78992 16.2557 10.2248 18.7273 13.2403 18.75C13.2543 18.7501 13.2682 18.7502 13.2822 18.7502C16.2785 18.7502 18.7274 16.3239 18.75 13.3223C18.7728 10.3071 16.338 7.83537 13.3224 7.81264ZM13.282 17.1877C13.2722 17.1877 13.2619 17.1877 13.252 17.1876C11.0981 17.1713 9.35883 15.4059 9.37508 13.252C9.39125 11.1079 11.1403 9.37491 13.2806 9.37491C13.2905 9.37491 13.3008 9.37499 13.3106 9.37507C15.4646 9.39132 17.2038 11.1568 17.1876 13.3106C17.1713 15.4548 15.4224 17.1877 13.282 17.1877Z\" fill=\"white\"><\/path><path d=\"M16.69 3.71798C16.2836 3.57376 15.8368 3.78665 15.6926 4.19337C15.5484 4.60009 15.7613 5.04658 16.1679 5.1908C19.6091 6.41041 21.9025 9.68784 21.875 13.3462C21.8718 13.7776 22.2189 14.13 22.6504 14.1333C22.6523 14.1333 22.6544 14.1333 22.6564 14.1333C23.085 14.1333 23.4342 13.7874 23.4375 13.3579C23.47 9.03393 20.7583 5.15994 16.69 3.71798Z\" fill=\"white\"><\/path><path d=\"M18.0751 29.4096C23.2714 22.7209 26.5189 19.233 26.5627 13.3811C26.6177 6.01837 20.6425 0 13.2803 0C6.00405 0 0.0557598 5.89282 0.000447185 13.1819C-0.0442404 19.1925 3.2635 22.6756 8.4957 29.4085C3.29061 30.1863 0.000447185 32.1408 0.000447185 34.5313C0.000447185 36.1327 1.48061 37.5696 4.16835 38.5774C6.61468 39.4948 9.85117 40 13.2816 40C16.712 40 19.9485 39.4948 22.3948 38.5774C25.0825 37.5695 26.5627 36.1326 26.5627 34.5312C26.5627 32.142 23.2756 30.188 18.0751 29.4096ZM1.56287 13.1937C1.61162 6.76173 6.85968 1.5625 13.2805 1.5625C19.7773 1.5625 25.0487 6.87408 25.0003 13.3695C24.9587 18.9268 21.5148 22.3516 16.0166 29.519C15.0359 30.7969 14.1352 32.005 13.2827 33.1868C12.4327 32.0043 11.5501 30.8178 10.5547 29.5186C4.82921 22.0511 1.52053 18.8851 1.56287 13.1937ZM13.2816 38.4376C6.57444 38.4376 1.56287 36.3753 1.56287 34.5313C1.56287 33.1638 4.55882 31.4363 9.59617 30.8381C10.7097 32.2991 11.6859 33.6265 12.6434 34.9821C12.7897 35.1891 13.0273 35.3124 13.2809 35.3126C13.2811 35.3126 13.2813 35.3126 13.2816 35.3126C13.5348 35.3126 13.7724 35.1898 13.9189 34.9831C14.8674 33.6451 15.8703 32.2851 16.9743 30.839C22.007 31.4378 25.0003 33.1648 25.0003 34.5314C25.0002 36.3753 19.9887 38.4376 13.2816 38.4376Z\" fill=\"white\"><\/path><\/svg>\t\t\t<\/a>\n\t\t<\/div>\n\t\t\t\t\t\t<\/div>\n\t\t\t\t<\/div>\n\t\t\t\t<div class=\"elementor-element elementor-element-622a04e elementor-vertical-align-middle elementor-widget__width-inherit elementor-absolute elementor-widget elementor-widget-icon-box\" data-id=\"622a04e\" data-element_type=\"widget\" data-settings=\"{&quot;_position&quot;:&quot;absolute&quot;,&quot;ekit_we_effect_on&quot;:&quot;none&quot;}\" data-widget_type=\"icon-box.default\">\n\t\t\t\t<div class=\"elementor-widget-container\">\n\t\t\t\t\t\t\t<div class=\"elementor-icon-box-wrapper\">\n\n\t\t\t\n\t\t\t\t\t\t<div class=\"elementor-icon-box-content\">\n\n\t\t\t\t\t\t\t\t\t<h3 class=\"elementor-icon-box-title\">\n\t\t\t\t\t\t<a href=\"#\" >\n\t\t\t\t\t\t\tOur Addresses:\t\t\t\t\t\t<\/a>\n\t\t\t\t\t<\/h3>\n\t\t\t\t\n\t\t\t\t\t\t\t\t\t<p class=\"elementor-icon-box-description\">\n\t\t\t\t\t\t123, Lorem Ipsum, Street no, City, Country 123456\t\t\t\t\t<\/p>\n\t\t\t\t\n\t\t\t<\/div>\n\t\t\t\n\t\t<\/div>\n\t\t\t\t\t\t<\/div>\n\t\t\t\t<\/div>\n\t\t\t\t<\/div>\n\t\t<div class=\"elementor-element elementor-element-7747590 e-con-full team-item e-flex elementor-invisible e-con e-child\" data-id=\"7747590\" data-element_type=\"container\" data-settings=\"{&quot;animation&quot;:&quot;fadeInUp&quot;,&quot;animation_delay&quot;:100,&quot;ekit_has_onepagescroll_dot&quot;:&quot;yes&quot;}\">\n\t\t\t\t<div class=\"elementor-element elementor-element-f05689c image-anime team-image solor-image-animation solor-animation-image-none elementor-widget elementor-widget-image\" data-id=\"f05689c\" data-element_type=\"widget\" data-settings=\"{&quot;ekit_we_effect_on&quot;:&quot;none&quot;}\" data-widget_type=\"image.default\">\n\t\t\t\t<div class=\"elementor-widget-container\">\n\t\t\t\t\t\t\t\t\t\t\t\t\t\t\t<img decoding=\"async\" width=\"768\" height=\"958\" src=\"https:\/\/demo.awaikenthemes.com\/solor\/wp-content\/uploads\/2024\/03\/email-img.jpg\" class=\"attachment-full size-full wp-image-4359\" alt=\"\" \/>\t\t\t\t\t\t\t\t\t\t\t\t\t\t\t<\/div>\n\t\t\t\t<\/div>\n\t\t\t\t<div class=\"elementor-element elementor-element-ec2024d elementor-view-stacked elementor-shape-square elementor-absolute elementor-widget elementor-widget-icon\" data-id=\"ec2024d\" data-element_type=\"widget\" data-settings=\"{&quot;_position&quot;:&quot;absolute&quot;,&quot;ekit_we_effect_on&quot;:&quot;none&quot;}\" data-widget_type=\"icon.default\">\n\t\t\t\t<div class=\"elementor-widget-container\">\n\t\t\t\t\t\t\t<div class=\"elementor-icon-wrapper\">\n\t\t\t<a class=\"elementor-icon\" href=\"#\">\n\t\t\t<svg xmlns=\"http:\/\/www.w3.org\/2000\/svg\" width=\"28\" height=\"28\" viewBox=\"0 0 28 28\" fill=\"none\"><path d=\"M14.5774 15.8629C13.5314 15.858 12.4922 15.6941 11.4955 15.3769C9.90292 14.8441 8.72005 13.4959 8.39898 11.8475C8.04765 10.1553 8.68792 8.36598 10.1553 6.93855C10.3127 6.78521 10.4763 6.63833 10.6461 6.49791C12.1484 5.24011 14.1739 4.803 16.0613 5.32927C17.8886 5.91247 19.1511 7.58234 19.2143 9.49934C19.2827 10.6028 18.923 11.6902 18.2101 12.5352C17.6603 13.2278 16.7694 13.555 15.902 13.3828C15.5473 13.3092 15.2378 13.0944 15.0448 12.7878C14.8716 12.4899 14.8272 12.1344 14.9218 11.8032C15.3298 10.2607 15.7447 7.91652 15.7488 7.89277C15.7778 7.72856 15.8922 7.59228 16.0489 7.53528C16.2056 7.47827 16.3808 7.50919 16.5085 7.6164C16.6363 7.72361 16.6971 7.89081 16.6681 8.05502C16.6508 8.15254 16.2423 10.4615 15.8241 12.0417C15.7943 12.1293 15.8018 12.2253 15.8449 12.3071C15.9094 12.3964 16.0068 12.4564 16.1155 12.4739C16.6465 12.5625 17.1829 12.3495 17.5084 11.9207C18.062 11.2584 18.3394 10.4084 18.283 9.54699C18.2374 8.02108 17.2367 6.68888 15.784 6.21989C14.1982 5.78372 12.4994 6.15633 11.2417 7.21615C11.0918 7.3406 10.946 7.47088 10.8061 7.60714C10.0806 8.31279 8.92222 9.77699 9.31256 11.6575C9.57482 12.9713 10.5131 14.048 11.7788 14.4874C13.9673 15.1856 17.112 15.2696 18.7689 13.2094C18.9317 13.0134 19.2217 12.9842 19.4203 13.1438C19.6189 13.3035 19.6527 13.5929 19.4962 13.7941C18.271 15.3178 16.4065 15.8629 14.5774 15.8629Z\" fill=\"white\"><\/path><path d=\"M12.9792 13.4435C12.4859 13.4519 12.0048 13.2902 11.6169 12.9855C10.7212 12.2687 10.6966 11.0234 10.9477 10.1754C11.0322 9.89302 11.1458 9.62011 11.2865 9.36106C11.6366 8.65463 12.1965 8.07363 12.8894 7.69756C13.7524 7.24977 14.8068 7.41958 15.4855 8.11566C15.8222 8.48469 16.0759 8.92166 16.2293 9.39709C16.3106 9.63835 16.1835 9.90021 15.9437 9.98562C15.7038 10.071 15.4398 9.94846 15.3503 9.71015C15.2396 9.35891 15.0558 9.03514 14.8108 8.76022C14.415 8.35554 13.7984 8.26347 13.3018 8.53489C12.7821 8.82797 12.3644 9.27295 12.1048 9.81015C11.9958 10.0114 11.9076 10.2234 11.8419 10.4427C11.6606 11.0561 11.7004 11.8566 12.2008 12.2573C12.7478 12.6966 13.6707 12.5108 14.1899 12.0629C14.5769 11.7146 14.9093 11.3101 15.1762 10.8631C15.2627 10.7182 15.4205 10.6313 15.5891 10.6357C15.7577 10.6401 15.9108 10.7352 15.9896 10.8843C16.0683 11.0334 16.0605 11.2135 15.969 11.3552C15.6529 11.8819 15.2593 12.3581 14.8015 12.7678C14.2913 13.1983 13.6468 13.4373 12.9792 13.4435Z\" fill=\"white\"><\/path><path d=\"M26.5981 28H1.3999C0.627109 27.9992 0.000848671 27.3729 0 26.6001V9.33467C7.33548e-06 9.15372 0.104627 8.98908 0.268447 8.91223C0.432266 8.83538 0.625748 8.86016 0.764906 8.97583L12.2147 18.4917C13.2508 19.3473 14.7483 19.347 15.784 18.491L27.2327 8.97583C27.3719 8.85993 27.5655 8.835 27.7295 8.91188C27.8935 8.98877 27.9981 9.15357 27.998 9.33467V26.6001C27.9972 27.3729 27.3709 27.9992 26.5981 28ZM0.933267 10.3292V26.6001C0.933602 26.8577 1.14232 27.0664 1.3999 27.0667H26.5981C26.8557 27.0665 27.0645 26.8577 27.0648 26.6001V10.3292L16.3798 19.2092C14.9983 20.351 13.0008 20.3513 11.6189 19.2099L0.933267 10.3292Z\" fill=\"white\"><\/path><path d=\"M0.46709 9.80131C0.263839 9.80149 0.0838465 9.67009 0.0220927 9.47645C-0.0396612 9.28281 0.0310296 9.07147 0.196863 8.95395L4.39657 5.97682C4.60683 5.8311 4.89522 5.88183 5.04313 6.09057C5.19103 6.29931 5.14328 6.58822 4.93609 6.73828L0.736385 9.7154C0.657746 9.77136 0.563607 9.80139 0.46709 9.80131Z\" fill=\"white\"><\/path><path d=\"M27.5311 9.80131C27.4346 9.80139 27.3404 9.77136 27.2618 9.7154L23.0621 6.73828C22.8549 6.58822 22.8072 6.29931 22.9551 6.09057C23.103 5.88183 23.3914 5.8311 23.6016 5.97682L27.8013 8.95395C27.9672 9.07147 28.0378 9.28281 27.9761 9.47645C27.9143 9.67009 27.7343 9.80149 27.5311 9.80131Z\" fill=\"white\"><\/path><path d=\"M18.3103 3.26841C18.2137 3.26846 18.1195 3.23844 18.0408 3.1825L15.8102 1.60061C14.7748 0.725669 13.2618 0.716555 12.216 1.57896L9.95745 3.18255C9.82143 3.27901 9.64428 3.29557 9.49273 3.22601C9.34118 3.15644 9.23826 3.01131 9.22274 2.84528C9.20721 2.67925 9.28144 2.51756 9.41746 2.4211L11.648 0.839208C13.0262 -0.287729 15.0101 -0.278765 16.3781 0.860579L18.5807 2.42091C18.7466 2.5384 18.8174 2.74984 18.7556 2.94358C18.6938 3.13731 18.5137 3.26872 18.3103 3.26841Z\" fill=\"white\"><\/path><path d=\"M0.769799 27.748C0.573145 27.7482 0.39749 27.6251 0.33059 27.4401C0.26369 27.2552 0.319907 27.0482 0.471154 26.9225L11.1197 18.0751C11.2477 17.9663 11.4242 17.9347 11.582 17.9923C11.7398 18.0499 11.8545 18.1878 11.8822 18.3535C11.91 18.5191 11.8466 18.6869 11.7162 18.7928L1.06765 27.6402C0.984046 27.7099 0.878644 27.7481 0.769799 27.748Z\" fill=\"white\"><\/path><path d=\"M27.228 27.748C27.1192 27.7481 27.0139 27.7099 26.9304 27.6402L16.2818 18.7928C16.1514 18.6869 16.088 18.5191 16.1158 18.3535C16.1436 18.1878 16.2582 18.0499 16.416 17.9923C16.5738 17.9347 16.7503 17.9663 16.8783 18.0751L27.5266 26.9225C27.6778 27.0482 27.7341 27.2552 27.6672 27.4401C27.6003 27.6251 27.4246 27.7482 27.228 27.748Z\" fill=\"white\"><\/path><path d=\"M23.3312 13.2917C23.0735 13.2917 22.8646 13.0828 22.8646 12.8251V3.27205C22.8632 3.28185 22.8445 3.26865 22.8132 3.26841H5.18382C5.16319 3.26715 5.14295 3.2744 5.12782 3.28848L5.13249 12.8251C5.13249 13.0828 4.92357 13.2917 4.66585 13.2917C4.40814 13.2917 4.19922 13.0828 4.19922 12.8251V3.26841C4.21427 2.7392 4.65456 2.32187 5.18382 2.33515H22.8132C23.3425 2.32192 23.7827 2.73923 23.7978 3.26841V12.8251C23.7978 13.0828 23.5889 13.2917 23.3312 13.2917Z\" fill=\"white\"><\/path><\/svg>\t\t\t<\/a>\n\t\t<\/div>\n\t\t\t\t\t\t<\/div>\n\t\t\t\t<\/div>\n\t\t\t\t<div class=\"elementor-element elementor-element-c05e09b elementor-vertical-align-middle elementor-widget__width-inherit elementor-absolute elementor-widget elementor-widget-icon-box\" data-id=\"c05e09b\" data-element_type=\"widget\" data-settings=\"{&quot;_position&quot;:&quot;absolute&quot;,&quot;ekit_we_effect_on&quot;:&quot;none&quot;}\" data-widget_type=\"icon-box.default\">\n\t\t\t\t<div class=\"elementor-widget-container\">\n\t\t\t\t\t\t\t<div class=\"elementor-icon-box-wrapper\">\n\n\t\t\t\n\t\t\t\t\t\t<div class=\"elementor-icon-box-content\">\n\n\t\t\t\t\t\t\t\t\t<h3 class=\"elementor-icon-box-title\">\n\t\t\t\t\t\t<a href=\"#\" >\n\t\t\t\t\t\t\tEmails:\t\t\t\t\t\t<\/a>\n\t\t\t\t\t<\/h3>\n\t\t\t\t\n\t\t\t\t\t\t\t\t\t<p class=\"elementor-icon-box-description\">\n\t\t\t\t\t\tinfo@domainname.com <br \/>\nsales@domainname.com\t\t\t\t\t<\/p>\n\t\t\t\t\n\t\t\t<\/div>\n\t\t\t\n\t\t<\/div>\n\t\t\t\t\t\t<\/div>\n\t\t\t\t<\/div>\n\t\t\t\t<\/div>\n\t\t<div class=\"elementor-element elementor-element-a6b8bf1 e-con-full team-item e-flex elementor-invisible e-con e-child\" data-id=\"a6b8bf1\" data-element_type=\"container\" data-settings=\"{&quot;animation&quot;:&quot;fadeInUp&quot;,&quot;animation_delay&quot;:200,&quot;ekit_has_onepagescroll_dot&quot;:&quot;yes&quot;}\">\n\t\t\t\t<div class=\"elementor-element elementor-element-e263810 image-anime team-image solor-image-animation solor-animation-image-none elementor-widget elementor-widget-image\" data-id=\"e263810\" data-element_type=\"widget\" data-settings=\"{&quot;ekit_we_effect_on&quot;:&quot;none&quot;}\" data-widget_type=\"image.default\">\n\t\t\t\t<div class=\"elementor-widget-container\">\n\t\t\t\t\t\t\t\t\t\t\t\t\t\t\t<img decoding=\"async\" width=\"768\" height=\"958\" src=\"https:\/\/demo.awaikenthemes.com\/solor\/wp-content\/uploads\/2024\/03\/phone-img.jpg\" class=\"attachment-full size-full wp-image-4360\" alt=\"\" \/>\t\t\t\t\t\t\t\t\t\t\t\t\t\t\t<\/div>\n\t\t\t\t<\/div>\n\t\t\t\t<div class=\"elementor-element elementor-element-07fc3e8 elementor-view-stacked elementor-shape-square elementor-absolute elementor-widget elementor-widget-icon\" data-id=\"07fc3e8\" data-element_type=\"widget\" data-settings=\"{&quot;_position&quot;:&quot;absolute&quot;,&quot;ekit_we_effect_on&quot;:&quot;none&quot;}\" data-widget_type=\"icon.default\">\n\t\t\t\t<div class=\"elementor-widget-container\">\n\t\t\t\t\t\t\t<div class=\"elementor-icon-wrapper\">\n\t\t\t<a class=\"elementor-icon\" href=\"#\">\n\t\t\t<svg xmlns=\"http:\/\/www.w3.org\/2000\/svg\" width=\"40\" height=\"40\" viewBox=\"0 0 40 40\" fill=\"none\"><path d=\"M22.7676 0C22.3361 0 21.9863 0.349798 21.9863 0.781398C21.9863 1.213 22.3361 1.5628 22.7676 1.5628C31.4074 1.5628 38.4362 8.59324 38.4362 17.2344C38.4362 17.666 38.7862 18.0158 39.2174 18.0158C39.6489 18.0158 39.9987 17.666 39.9987 17.2344C39.9987 7.73157 32.2689 0 22.7676 0Z\" fill=\"white\"><\/path><path d=\"M34.5177 18.0162C34.9492 18.0162 35.299 17.6661 35.299 17.2348C35.299 10.3234 29.6773 4.70068 22.7676 4.70068C22.3361 4.70068 21.9863 5.05079 21.9863 5.48208C21.9863 5.91368 22.3361 6.26348 22.7676 6.26348C28.8158 6.26348 33.7365 11.1851 33.7365 17.2348C33.7365 17.6661 34.0862 18.0162 34.5177 18.0162Z\" fill=\"white\"><\/path><path d=\"M29.0359 17.2346C29.0359 17.6659 29.3856 18.016 29.8171 18.016C30.2486 18.016 30.5984 17.6659 30.5984 17.2346C30.5984 12.9159 27.0855 9.40234 22.7676 9.40234C22.3361 9.40234 21.9863 9.75214 21.9863 10.1834C21.9863 10.615 22.3361 10.9648 22.7676 10.9648C26.224 10.9648 29.0359 13.7773 29.0359 17.2346Z\" fill=\"white\"><\/path><path d=\"M21.9863 14.8844C21.9863 15.3157 22.3361 15.6655 22.7677 15.6655C23.6328 15.6655 24.3366 16.3694 24.3366 17.2347C24.3366 17.666 24.6864 18.0161 25.118 18.0161C25.5493 18.0161 25.8994 17.666 25.8994 17.2347C25.8994 15.5077 24.4944 14.103 22.7677 14.103C22.3361 14.103 21.9863 14.4528 21.9863 14.8844Z\" fill=\"white\"><\/path><path d=\"M14.6409 25.3703C14.6409 25.8019 14.2911 26.1517 13.8595 26.1517C13.4279 26.1517 13.0781 25.8019 13.0781 25.3703C13.0781 24.939 13.4279 24.5889 13.8595 24.5889C14.2911 24.5889 14.6409 24.939 14.6409 25.3703Z\" fill=\"white\"><\/path><path d=\"M21.4068 39.0588C24.9642 40.8026 29.244 40.077 32.0571 37.2634L33.6723 35.6478C34.5494 34.7714 34.5497 33.3518 33.6727 32.4749L27.4312 26.2328C26.5557 25.3559 25.136 25.3547 24.2595 26.2325L21.6076 28.8853C21.0882 29.4048 20.2865 29.5107 19.7017 29.1374C18.7484 28.5279 17.821 27.8558 16.9454 27.1397C16.6112 26.8665 16.1193 26.9159 15.8462 27.2499C15.573 27.5841 15.6225 28.0764 15.9563 28.3493C16.8789 29.1039 17.8557 29.812 18.8607 30.4542C20.0585 31.2194 21.6784 31.0244 22.7123 29.9903L25.3649 27.3372C25.6301 27.0716 26.0598 27.071 26.3262 27.3375L32.5679 33.5798C32.8337 33.846 32.8343 34.2764 32.5679 34.5422L30.9523 36.1584C28.6089 38.5023 25.0493 39.1039 22.0943 37.6556C11.2689 32.3461 5.37898 23.9271 2.34432 17.7992C0.892601 14.8687 1.49532 11.3219 3.84425 8.9731L5.42445 7.3929C5.68934 7.12735 6.11933 7.12644 6.38544 7.39321L12.6278 13.6365C12.8921 13.9005 12.8948 14.3309 12.6272 14.5979L9.97521 17.2507C8.94128 18.2849 8.74628 19.905 9.51135 21.1034C9.96209 21.8088 10.4479 22.5047 10.9557 23.1716C11.217 23.515 11.7071 23.5813 12.0504 23.32C12.3937 23.0587 12.4603 22.5685 12.1987 22.2248C11.7172 21.5921 11.2557 20.9315 10.8279 20.2622C10.4546 19.677 10.5605 18.8752 11.0799 18.3557L13.7316 15.7035C14.6084 14.8278 14.6093 13.4075 13.7322 12.5312L7.49048 6.28857C6.61524 5.41163 5.19526 5.41041 4.3191 6.28826L2.73952 7.86815C-0.0839584 10.6913 -0.805392 14.9612 0.944176 18.493C4.08656 24.8379 10.187 33.556 21.4068 39.0588Z\" fill=\"white\"><\/path><\/svg>\t\t\t<\/a>\n\t\t<\/div>\n\t\t\t\t\t\t<\/div>\n\t\t\t\t<\/div>\n\t\t\t\t<div class=\"elementor-element elementor-element-9e1b3cf elementor-vertical-align-middle elementor-widget__width-inherit elementor-absolute elementor-widget elementor-widget-icon-box\" data-id=\"9e1b3cf\" data-element_type=\"widget\" data-settings=\"{&quot;_position&quot;:&quot;absolute&quot;,&quot;ekit_we_effect_on&quot;:&quot;none&quot;}\" data-widget_type=\"icon-box.default\">\n\t\t\t\t<div class=\"elementor-widget-container\">\n\t\t\t\t\t\t\t<div class=\"elementor-icon-box-wrapper\">\n\n\t\t\t\n\t\t\t\t\t\t<div class=\"elementor-icon-box-content\">\n\n\t\t\t\t\t\t\t\t\t<h3 class=\"elementor-icon-box-title\">\n\t\t\t\t\t\t<a href=\"#\" >\n\t\t\t\t\t\t\tPhones:\t\t\t\t\t\t<\/a>\n\t\t\t\t\t<\/h3>\n\t\t\t\t\n\t\t\t\t\t\t\t\t\t<p class=\"elementor-icon-box-description\">\n\t\t\t\t\t\t(+0) 123 456 789 <br \/>\n(+1) 456 123 789\t\t\t\t\t<\/p>\n\t\t\t\t\n\t\t\t<\/div>\n\t\t\t\n\t\t<\/div>\n\t\t\t\t\t\t<\/div>\n\t\t\t\t<\/div>\n\t\t\t\t<\/div>\n\t\t<div class=\"elementor-element elementor-element-1426531 e-con-full team-item e-flex elementor-invisible e-con e-child\" data-id=\"1426531\" data-element_type=\"container\" data-settings=\"{&quot;animation&quot;:&quot;fadeInUp&quot;,&quot;animation_delay&quot;:300,&quot;ekit_has_onepagescroll_dot&quot;:&quot;yes&quot;}\">\n\t\t\t\t<div class=\"elementor-element elementor-element-26b0715 image-anime team-image solor-image-animation solor-animation-image-none elementor-widget elementor-widget-image\" data-id=\"26b0715\" data-element_type=\"widget\" data-settings=\"{&quot;ekit_we_effect_on&quot;:&quot;none&quot;}\" data-widget_type=\"image.default\">\n\t\t\t\t<div class=\"elementor-widget-container\">\n\t\t\t\t\t\t\t\t\t\t\t\t\t\t\t<img loading=\"lazy\" decoding=\"async\" width=\"768\" height=\"958\" src=\"https:\/\/demo.awaikenthemes.com\/solor\/wp-content\/uploads\/2024\/03\/follow-img.jpg\" class=\"attachment-full size-full wp-image-4361\" alt=\"\" \/>\t\t\t\t\t\t\t\t\t\t\t\t\t\t\t<\/div>\n\t\t\t\t<\/div>\n\t\t\t\t<div class=\"elementor-element elementor-element-aa45f33 elementor-view-stacked elementor-shape-square elementor-absolute elementor-widget elementor-widget-icon\" data-id=\"aa45f33\" data-element_type=\"widget\" data-settings=\"{&quot;_position&quot;:&quot;absolute&quot;,&quot;ekit_we_effect_on&quot;:&quot;none&quot;}\" data-widget_type=\"icon.default\">\n\t\t\t\t<div class=\"elementor-widget-container\">\n\t\t\t\t\t\t\t<div class=\"elementor-icon-wrapper\">\n\t\t\t<a class=\"elementor-icon\" href=\"#\">\n\t\t\t<svg xmlns=\"http:\/\/www.w3.org\/2000\/svg\" width=\"25\" height=\"28\" viewBox=\"0 0 25 28\" fill=\"none\"><path d=\"M19.7873 18.8341C18.4457 18.8341 17.237 19.4134 16.3981 20.335L8.85275 15.6618C9.0542 15.1461 9.16592 14.586 9.16592 14C9.16592 13.4138 9.0542 12.8537 8.85275 12.3382L16.3981 7.66479C17.237 8.58636 18.4457 9.16592 19.7873 9.16592C22.3144 9.16592 24.3703 7.11002 24.3703 4.58286C24.3703 2.05569 22.3144 0 19.7873 0C17.2601 0 15.2042 2.05591 15.2042 4.58307C15.2042 5.16904 15.3161 5.72916 15.5174 6.24484L7.9722 10.9181C7.1333 9.99649 5.92462 9.41693 4.58307 9.41693C2.05591 9.41693 0 11.4731 0 14C0 16.5272 2.05591 18.5831 4.58307 18.5831C5.92462 18.5831 7.1333 18.0037 7.9722 17.0819L15.5174 21.7552C15.3161 22.2708 15.2042 22.831 15.2042 23.4171C15.2042 25.9441 17.2601 28 19.7873 28C22.3144 28 24.3703 25.9441 24.3703 23.4171C24.3703 20.89 22.3144 18.8341 19.7873 18.8341ZM16.8754 4.58307C16.8754 2.97748 18.1817 1.67117 19.7873 1.67117C21.3929 1.67117 22.6992 2.97748 22.6992 4.58307C22.6992 6.18866 21.3929 7.49496 19.7873 7.49496C18.1817 7.49496 16.8754 6.18866 16.8754 4.58307ZM4.58307 16.9119C2.97726 16.9119 1.67096 15.6056 1.67096 14C1.67096 12.3944 2.97726 11.0881 4.58307 11.0881C6.18866 11.0881 7.49475 12.3944 7.49475 14C7.49475 15.6056 6.18866 16.9119 4.58307 16.9119ZM16.8754 23.4169C16.8754 21.8113 18.1817 20.505 19.7873 20.505C21.3929 20.505 22.6992 21.8113 22.6992 23.4169C22.6992 25.0225 21.3929 26.3288 19.7873 26.3288C18.1817 26.3288 16.8754 25.0225 16.8754 23.4169Z\" fill=\"white\"><\/path><\/svg>\t\t\t<\/a>\n\t\t<\/div>\n\t\t\t\t\t\t<\/div>\n\t\t\t\t<\/div>\n\t\t\t\t<div class=\"elementor-element elementor-element-7581e7f elementor-vertical-align-middle elementor-widget__width-inherit elementor-absolute elementor-widget elementor-widget-icon-box\" data-id=\"7581e7f\" data-element_type=\"widget\" data-settings=\"{&quot;_position&quot;:&quot;absolute&quot;,&quot;ekit_we_effect_on&quot;:&quot;none&quot;}\" data-widget_type=\"icon-box.default\">\n\t\t\t\t<div class=\"elementor-widget-container\">\n\t\t\t\t\t\t\t<div class=\"elementor-icon-box-wrapper\">\n\n\t\t\t\n\t\t\t\t\t\t<div class=\"elementor-icon-box-content\">\n\n\t\t\t\t\t\t\t\t\t<h3 class=\"elementor-icon-box-title\">\n\t\t\t\t\t\t<a href=\"#\" >\n\t\t\t\t\t\t\tFollow Us:\t\t\t\t\t\t<\/a>\n\t\t\t\t\t<\/h3>\n\t\t\t\t\n\t\t\t\t\n\t\t\t<\/div>\n\t\t\t\n\t\t<\/div>\n\t\t\t\t\t\t<\/div>\n\t\t\t\t<\/div>\n\t\t\t\t<div class=\"elementor-element elementor-element-4171a33 e-grid-align-left elementor-absolute elementor-shape-rounded elementor-grid-0 elementor-widget elementor-widget-social-icons\" data-id=\"4171a33\" data-element_type=\"widget\" data-settings=\"{&quot;_position&quot;:&quot;absolute&quot;,&quot;ekit_we_effect_on&quot;:&quot;none&quot;}\" data-widget_type=\"social-icons.default\">\n\t\t\t\t<div class=\"elementor-widget-container\">\n\t\t\t\t\t\t\t<div class=\"elementor-social-icons-wrapper elementor-grid\" role=\"list\">\n\t\t\t\t\t\t\t<span class=\"elementor-grid-item\" role=\"listitem\">\n\t\t\t\t\t<a class=\"elementor-icon elementor-social-icon elementor-social-icon-icon-facebook elementor-repeater-item-75b33ad\" href=\"#\" target=\"_blank\">\n\t\t\t\t\t\t<span class=\"elementor-screen-only\">Icon-facebook<\/span>\n\t\t\t\t\t\t<i class=\"icon icon-facebook\"><\/i>\t\t\t\t\t<\/a>\n\t\t\t\t<\/span>\n\t\t\t\t\t\t\t<span class=\"elementor-grid-item\" role=\"listitem\">\n\t\t\t\t\t<a class=\"elementor-icon elementor-social-icon elementor-social-icon-twitter elementor-repeater-item-0ff0b1c\" href=\"#\" target=\"_blank\">\n\t\t\t\t\t\t<span class=\"elementor-screen-only\">Twitter<\/span>\n\t\t\t\t\t\t<i class=\"fab fa-twitter\"><\/i>\t\t\t\t\t<\/a>\n\t\t\t\t<\/span>\n\t\t\t\t\t\t\t<span class=\"elementor-grid-item\" role=\"listitem\">\n\t\t\t\t\t<a class=\"elementor-icon elementor-social-icon elementor-social-icon-linkedin-in elementor-repeater-item-01e7d0f\" href=\"#\" target=\"_blank\">\n\t\t\t\t\t\t<span class=\"elementor-screen-only\">Linkedin-in<\/span>\n\t\t\t\t\t\t<i class=\"fab fa-linkedin-in\"><\/i>\t\t\t\t\t<\/a>\n\t\t\t\t<\/span>\n\t\t\t\t\t\t\t<span class=\"elementor-grid-item\" role=\"listitem\">\n\t\t\t\t\t<a class=\"elementor-icon elementor-social-icon elementor-social-icon-instagram elementor-repeater-item-1d1b733\" href=\"#\" target=\"_blank\">\n\t\t\t\t\t\t<span class=\"elementor-screen-only\">Instagram<\/span>\n\t\t\t\t\t\t<i class=\"fab fa-instagram\"><\/i>\t\t\t\t\t<\/a>\n\t\t\t\t<\/span>\n\t\t\t\t\t<\/div>\n\t\t\t\t\t\t<\/div>\n\t\t\t\t<\/div>\n\t\t\t\t<\/div>\n\t\t\t\t<\/div>\n\t\t\t\t\t<\/div>\n\t\t\t\t<\/div>\n\t\t<div class=\"elementor-element elementor-element-c513d22 e-con-full e-flex e-con e-parent\" data-id=\"c513d22\" data-element_type=\"container\" data-settings=\"{&quot;ekit_has_onepagescroll_dot&quot;:&quot;yes&quot;}\">\n\t\t\t\t<div class=\"elementor-element elementor-element-4777c73 elementor-widget__width-inherit elementor-widget elementor-widget-google_maps\" data-id=\"4777c73\" data-element_type=\"widget\" data-settings=\"{&quot;ekit_we_effect_on&quot;:&quot;none&quot;}\" data-widget_type=\"google_maps.default\">\n\t\t\t\t<div class=\"elementor-widget-container\">\n\t\t\t\t\t\t\t<div class=\"elementor-custom-embed\">\n\t\t\t<iframe loading=\"lazy\"\n\t\t\t\t\tsrc=\"https:\/\/maps.google.com\/maps?q=London%20Eye%2C%20London%2C%20United%20Kingdom&#038;t=m&#038;z=15&#038;output=embed&#038;iwloc=near\"\n\t\t\t\t\ttitle=\"London Eye, London, United Kingdom\"\n\t\t\t\t\taria-label=\"London Eye, London, United Kingdom\"\n\t\t\t><\/iframe>\n\t\t<\/div>\n\t\t\t\t\t\t<\/div>\n\t\t\t\t<\/div>\n\t\t<div class=\"elementor-element elementor-element-adee6ac e-con-full contact-now-section e-flex e-con e-child\" data-id=\"adee6ac\" data-element_type=\"container\" data-settings=\"{&quot;position&quot;:&quot;absolute&quot;,&quot;ekit_has_onepagescroll_dot&quot;:&quot;yes&quot;}\">\n\t\t<div class=\"elementor-element elementor-element-787eeb5 e-con-full e-flex elementor-invisible e-con e-child\" data-id=\"787eeb5\" data-element_type=\"container\" data-settings=\"{&quot;background_background&quot;:&quot;classic&quot;,&quot;animation&quot;:&quot;fadeInUp&quot;,&quot;ekit_has_onepagescroll_dot&quot;:&quot;yes&quot;}\">\n\t\t<div class=\"elementor-element elementor-element-0694e6b e-con-full e-flex e-con e-child\" data-id=\"0694e6b\" data-element_type=\"container\" data-settings=\"{&quot;ekit_has_onepagescroll_dot&quot;:&quot;yes&quot;}\">\n\t\t\t\t<div class=\"elementor-element elementor-element-649cce4 small-heading-style solor-heading-animation solor-animation-heading-none elementor-invisible elementor-widget elementor-widget-heading\" data-id=\"649cce4\" data-element_type=\"widget\" data-settings=\"{&quot;_animation&quot;:&quot;fadeInUp&quot;,&quot;ekit_we_effect_on&quot;:&quot;none&quot;}\" data-widget_type=\"heading.default\">\n\t\t\t\t<div class=\"elementor-widget-container\">\n\t\t\t\t\t<h3 class=\"elementor-heading-title elementor-size-default\">Contact Now<\/h3>\t\t\t\t<\/div>\n\t\t\t\t<\/div>\n\t\t\t\t<div class=\"elementor-element elementor-element-25e7628 solor-heading-animation solor-animation-heading-style-2 elementor-widget elementor-widget-heading\" data-id=\"25e7628\" data-element_type=\"widget\" data-settings=\"{&quot;ekit_we_effect_on&quot;:&quot;none&quot;}\" data-widget_type=\"heading.default\">\n\t\t\t\t<div class=\"elementor-widget-container\">\n\t\t\t\t\t<h2 class=\"elementor-heading-title elementor-size-default\">Get In Touch With Us<\/h2>\t\t\t\t<\/div>\n\t\t\t\t<\/div>\n\t\t\t\t<\/div>\n\t\t\t\t<div class=\"elementor-element elementor-element-3e518b9 elementor-widget elementor-widget-elementskit-contact-form7\" data-id=\"3e518b9\" data-element_type=\"widget\" data-settings=\"{&quot;ekit_we_effect_on&quot;:&quot;none&quot;}\" data-widget_type=\"elementskit-contact-form7.default\">\n\t\t\t\t<div class=\"elementor-widget-container\">\n\t\t\t\t\t<div class=\"ekit-wid-con\" ><div class=\"ekit-form\">\n<div class=\"wpcf7 no-js\" id=\"wpcf7-f4544-o1\" lang=\"en-US\" dir=\"ltr\" data-wpcf7-id=\"4544\">\n<div class=\"screen-reader-response\"><p role=\"status\" aria-live=\"polite\" aria-atomic=\"true\"><\/p> <ul><\/ul><\/div>\n<form action=\"\/solor\/wp-json\/wp\/v2\/pages\/4310#wpcf7-f4544-o1\" method=\"post\" class=\"wpcf7-form init\" aria-label=\"Contact form\" novalidate=\"novalidate\" data-status=\"init\">\n<fieldset class=\"hidden-fields-container\"><input type=\"hidden\" name=\"_wpcf7\" value=\"4544\" \/><input type=\"hidden\" name=\"_wpcf7_version\" value=\"6.1\" \/><input type=\"hidden\" name=\"_wpcf7_locale\" value=\"en_US\" \/><input type=\"hidden\" name=\"_wpcf7_unit_tag\" value=\"wpcf7-f4544-o1\" \/><input type=\"hidden\" name=\"_wpcf7_container_post\" value=\"0\" \/><input type=\"hidden\" name=\"_wpcf7_posted_data_hash\" value=\"\" \/>\n<\/fieldset>\n<div class=\"contact-form\">\n\t<div class=\"row\">\n\t\t<div class=\"form-group col-md-6 mb-4\">\n\t\t\t<p><span class=\"wpcf7-form-control-wrap\" data-name=\"FullName\"><input size=\"40\" maxlength=\"400\" class=\"wpcf7-form-control wpcf7-text wpcf7-validates-as-required form-control\" id=\"name\" aria-required=\"true\" aria-invalid=\"false\" placeholder=\"Name\" value=\"\" type=\"text\" name=\"FullName\" \/><\/span>\n\t\t\t<\/p>\n\t\t<\/div>\n\t\t<div class=\"form-group col-md-6 mb-4\">\n\t\t\t<p><span class=\"wpcf7-form-control-wrap\" data-name=\"Email\"><input size=\"40\" maxlength=\"400\" class=\"wpcf7-form-control wpcf7-email wpcf7-validates-as-required wpcf7-text wpcf7-validates-as-email form-control\" id=\"email\" aria-required=\"true\" aria-invalid=\"false\" placeholder=\"Email\" value=\"\" type=\"email\" name=\"Email\" \/><\/span>\n\t\t\t<\/p>\n\t\t<\/div>\n\t\t<div class=\"form-group col-md-6 mb-4\">\n\t\t\t<p><span class=\"wpcf7-form-control-wrap\" data-name=\"Phone\"><input size=\"40\" maxlength=\"400\" class=\"wpcf7-form-control wpcf7-text wpcf7-validates-as-required form-control\" id=\"phone\" aria-required=\"true\" aria-invalid=\"false\" placeholder=\"Phone\" value=\"\" type=\"text\" name=\"Phone\" \/><\/span>\n\t\t\t<\/p>\n\t\t<\/div>\n\t\t<div class=\"form-group col-md-6 mb-4\">\n\t\t\t<p><span class=\"wpcf7-form-control-wrap\" data-name=\"Subject\"><input size=\"40\" maxlength=\"400\" class=\"wpcf7-form-control wpcf7-text form-control\" id=\"subject\" aria-invalid=\"false\" placeholder=\"Subject\" value=\"\" type=\"text\" name=\"Subject\" \/><\/span>\n\t\t\t<\/p>\n\t\t<\/div>\n\t\t<div class=\"form-group col-md-12 mb-4\">\n\t\t\t<p><span class=\"wpcf7-form-control-wrap\" data-name=\"Write\"><textarea cols=\"40\" rows=\"10\" maxlength=\"2000\" class=\"wpcf7-form-control wpcf7-textarea form-control\" id=\"msg\" aria-invalid=\"false\" placeholder=\"Write a Message\" name=\"Write\"><\/textarea><\/span>\n\t\t\t<\/p>\n\t\t<\/div>\n\t\t<div class=\"form-group col-md-12 text-align-center\">\n\t\t\t<p><input class=\"wpcf7-form-control wpcf7-submit has-spinner form-btn\" id=\"msgSubmit\" type=\"submit\" value=\"Submit Now\" \/>\n\t\t\t<\/p>\n\t\t<\/div>\n\t<\/div>\n<\/div><div class=\"wpcf7-response-output\" aria-hidden=\"true\"><\/div>\n<\/form>\n<\/div>\n<\/div><\/div>\t\t\t\t<\/div>\n\t\t\t\t<\/div>\n\t\t\t\t<\/div>\n\t\t\t\t<\/div>\n\t\t\t\t<\/div>\n\t\t\t\t<\/div>\n\t\t","protected":false},"excerpt":{"rendered":"<p>Contact us Home Contact details Happy to Answer All Your Questions Our Addresses: 123, Lorem Ipsum, Street no, City, Country 123456 Emails: info@domainname.com sales@domainname.com Phones: (+0) 123 456 789 (+1) 456 123 789 Follow Us: Icon-facebook Twitter Linkedin-in Instagram Contact Now Get In Touch With Us<\/p>\n","protected":false},"author":1,"featured_media":0,"parent":0,"menu_order":0,"comment_status":"closed","ping_status":"closed","template":"elementor_header_footer","meta":{"footnotes":""},"class_list":["post-4310","page","type-page","status-publish","hentry"],"_links":{"self":[{"href":"https:\/\/demo.awaikenthemes.com\/solor\/wp-json\/wp\/v2\/pages\/4310","targetHints":{"allow":["GET"]}}],"collection":[{"href":"https:\/\/demo.awaikenthemes.com\/solor\/wp-json\/wp\/v2\/pages"}],"about":[{"href":"https:\/\/demo.awaikenthemes.com\/solor\/wp-json\/wp\/v2\/types\/page"}],"author":[{"embeddable":true,"href":"https:\/\/demo.awaikenthemes.com\/solor\/wp-json\/wp\/v2\/users\/1"}],"replies":[{"embeddable":true,"href":"https:\/\/demo.awaikenthemes.com\/solor\/wp-json\/wp\/v2\/comments?post=4310"}],"version-history":[{"count":0,"href":"https:\/\/demo.awaikenthemes.com\/solor\/wp-json\/wp\/v2\/pages\/4310\/revisions"}],"wp:attachment":[{"href":"https:\/\/demo.awaikenthemes.com\/solor\/wp-json\/wp\/v2\/media?parent=4310"}],"curies":[{"name":"wp","href":"https:\/\/api.w.org\/{rel}","templated":true}]}}